[
	{
		"constant": true,
		"inputs": [],
		"name": "usercount",
		"outputs": [
			{
				"name": "",
				"type": "uint256"
			}
		],
		"payable": false,
		"stateMutability": "view",
		"type": "function"
	},
	{
		"constant": true,
		"inputs": [
			{
				"name": "",
				"type": "uint256"
			}
		],
		"name": "police",
		"outputs": [
			{
				"name": "_id",
				"type": "uint256"
			},
			{
				"name": "_name",
				"type": "string"
			},
			{
				"name": "_addr",
				"type": "string"
			}
		],
		"payable": false,
		"stateMutability": "view",
		"type": "function"
	},
	{
		"constant": true,
		"inputs": [
			{
				"name": "",
				"type": "uint256"
			}
		],
		"name": "Riders",
		"outputs": [
			{
				"name": "id",
				"type": "uint256"
			},
			{
				"name": "fullname",
				"type": "string"
			},
			{
				"name": "add",
				"type": "string"
			},
			{
				"name": "categories",
				"type": "string"
			},
			{
				"name": "points",
				"type": "string"
			},
			{
				"name": "streaks",
				"type": "string"
			},
			{
				"name": "license_no",
				"type": "string"
			},
			{
				"name": "phoneno",
				"type": "string"
			}
		],
		"payable": false,
		"stateMutability": "view",
		"type": "function"
	},
	{
		"constant": true,
		"inputs": [],
		"name": "getvalues",
		"outputs": [
			{
				"name": "",
				"type": "string"
			}
		],
		"payable": false,
		"stateMutability": "view",
		"type": "function"
	},
	{
		"constant": false,
		"inputs": [
			{
				"name": "fullname",
				"type": "string"
			},
			{
				"name": "add",
				"type": "string"
			},
			{
				"name": "categories",
				"type": "string"
			},
			{
				"name": "points",
				"type": "string"
			},
			{
				"name": "streaks",
				"type": "string"
			},
			{
				"name": "license_no",
				"type": "string"
			},
			{
				"name": "phoneno",
				"type": "string"
			}
		],
		"name": "addusers",
		"outputs": [],
		"payable": false,
		"stateMutability": "nonpayable",
		"type": "function"
	},
	{
		"constant": false,
		"inputs": [],
		"name": "userincremental",
		"outputs": [],
		"payable": false,
		"stateMutability": "nonpayable",
		"type": "function"
	},
	{
		"constant": false,
		"inputs": [
			{
				"name": "_name",
				"type": "string"
			},
			{
				"name": "_address",
				"type": "string"
			}
		],
		"name": "addcops",
		"outputs": [],
		"payable": false,
		"stateMutability": "nonpayable",
		"type": "function"
	},
	{
		"constant": true,
		"inputs": [],
		"name": "copscount",
		"outputs": [
			{
				"name": "",
				"type": "uint256"
			}
		],
		"payable": false,
		"stateMutability": "view",
		"type": "function"
	},
	{
		"inputs": [],
		"payable": false,
		"stateMutability": "nonpayable",
		"type": "constructor"
	}
]
